--
-- PostgreSQL database dump
--

-- Dumped from database version 14.13 (Ubuntu 14.13-0ubuntu0.22.04.1)
-- Dumped by pg_dump version 14.13 (Ubuntu 14.13-0ubuntu0.22.04.1)

SET statement_timeout = 0;
SET lock_timeout = 0;
SET idle_in_transaction_session_timeout = 0;
SET client_encoding = 'UTF8';
SET standard_conforming_strings = on;
SELECT pg_catalog.set_config('search_path', '', false);
SET check_function_bodies = false;
SET xmloption = content;
SET client_min_messages = warning;
SET row_security = off;

SET default_tablespace = '';

SET default_table_access_method = heap;

--
-- Name: administradores; Type: TABLE; Schema: public; Owner: usr_admin_psql
--

CREATE TABLE public.administradores (
    id bigint NOT NULL,
    apellido character varying(255) NOT NULL,
    correo_institucional character varying(255) NOT NULL,
    id_admin character varying(255) NOT NULL,
    nombre character varying(255) NOT NULL,
    sexo character varying(255) NOT NULL,
    telefono character varying(255) NOT NULL,
    id_usuario bigint,
    CONSTRAINT administradores_sexo_check CHECK (((sexo)::text = ANY ((ARRAY['MASCULINO'::character varying, 'FEMENINO'::character varying, 'FENOMENO'::character varying])::text[])))
);


ALTER TABLE public.administradores OWNER TO usr_admin_psql;

--
-- Name: administradores_id_seq; Type: SEQUENCE; Schema: public; Owner: usr_admin_psql
--

ALTER TABLE public.administradores ALTER COLUMN id ADD GENERATED BY DEFAULT AS IDENTITY (
    SEQUENCE NAME public.administradores_id_seq
    START WITH 1
    INCREMENT BY 1
    NO MINVALUE
    NO MAXVALUE
    CACHE 1
);


--
-- Name: archivos; Type: TABLE; Schema: public; Owner: usr_admin_psql
--

CREATE TABLE public.archivos (
    id bigint NOT NULL,
    nombre_archivo character varying(255) NOT NULL,
    ruta_archivo character varying(255) NOT NULL,
    id_programa bigint NOT NULL
);


ALTER TABLE public.archivos OWNER TO usr_admin_psql;

--
-- Name: archivos_id_seq; Type: SEQUENCE; Schema: public; Owner: usr_admin_psql
--

ALTER TABLE public.archivos ALTER COLUMN id ADD GENERATED BY DEFAULT AS IDENTITY (
    SEQUENCE NAME public.archivos_id_seq
    START WITH 1
    INCREMENT BY 1
    NO MINVALUE
    NO MAXVALUE
    CACHE 1
);


--
-- Name: blacklisted_token; Type: TABLE; Schema: public; Owner: usr_admin_psql
--

CREATE TABLE public.blacklisted_token (
    id bigint NOT NULL,
    blacklisted_at timestamp(6) with time zone,
    expires_at timestamp(6) with time zone,
    token character varying(255)
);


ALTER TABLE public.blacklisted_token OWNER TO usr_admin_psql;

--
-- Name: blacklisted_token_id_seq; Type: SEQUENCE; Schema: public; Owner: usr_admin_psql
--

ALTER TABLE public.blacklisted_token ALTER COLUMN id ADD GENERATED BY DEFAULT AS IDENTITY (
    SEQUENCE NAME public.blacklisted_token_id_seq
    START WITH 1
    INCREMENT BY 1
    NO MINVALUE
    NO MAXVALUE
    CACHE 1
);


--
-- Name: carreras; Type: TABLE; Schema: public; Owner: usr_admin_psql
--

CREATE TABLE public.carreras (
    id bigint NOT NULL,
    nombre character varying(255)
);


ALTER TABLE public.carreras OWNER TO usr_admin_psql;

--
-- Name: carreras_id_seq; Type: SEQUENCE; Schema: public; Owner: usr_admin_psql
--

ALTER TABLE public.carreras ALTER COLUMN id ADD GENERATED BY DEFAULT AS IDENTITY (
    SEQUENCE NAME public.carreras_id_seq
    START WITH 1
    INCREMENT BY 1
    NO MINVALUE
    NO MAXVALUE
    CACHE 1
);


--
-- Name: empresas; Type: TABLE; Schema: public; Owner: usr_admin_psql
--

CREATE TABLE public.empresas (
    id bigint NOT NULL,
    apellido_responsable character varying(255) NOT NULL,
    correo character varying(255) NOT NULL,
    direccion character varying(255) NOT NULL,
    nombre character varying(255) NOT NULL,
    nombre_responsable character varying(255) NOT NULL,
    puesto_responsable character varying(255) NOT NULL,
    sexo_responsable character varying(255) NOT NULL,
    telefono character varying(255) NOT NULL,
    CONSTRAINT empresas_sexo_responsable_check CHECK (((sexo_responsable)::text = ANY ((ARRAY['MASCULINO'::character varying, 'FEMENINO'::character varying, 'FENOMENO'::character varying])::text[])))
);


ALTER TABLE public.empresas OWNER TO usr_admin_psql;

--
-- Name: empresas_id_seq; Type: SEQUENCE; Schema: public; Owner: usr_admin_psql
--

ALTER TABLE public.empresas ALTER COLUMN id ADD GENERATED BY DEFAULT AS IDENTITY (
    SEQUENCE NAME public.empresas_id_seq
    START WITH 1
    INCREMENT BY 1
    NO MINVALUE
    NO MAXVALUE
    CACHE 1
);


--
-- Name: estudiantes; Type: TABLE; Schema: public; Owner: usr_admin_psql
--

CREATE TABLE public.estudiantes (
    id bigint NOT NULL,
    apellido character varying(255) NOT NULL,
    correo_institucional character varying(255) NOT NULL,
    grupo character varying(255) NOT NULL,
    matricula character varying(255) NOT NULL,
    nombre character varying(255) NOT NULL,
    semestre integer NOT NULL,
    sexo character varying(255) NOT NULL,
    telefono character varying(255) NOT NULL,
    id_carrera bigint,
    id_usuario bigint,
    CONSTRAINT estudiantes_grupo_check CHECK (((grupo)::text = ANY ((ARRAY['A'::character varying, 'B'::character varying, 'C'::character varying, 'D'::character varying, 'E'::character varying, 'F'::character varying, 'G'::character varying, 'H'::character varying, 'I'::character varying])::text[]))),
    CONSTRAINT estudiantes_sexo_check CHECK (((sexo)::text = ANY ((ARRAY['MASCULINO'::character varying, 'FEMENINO'::character varying, 'FENOMENO'::character varying])::text[])))
);


ALTER TABLE public.estudiantes OWNER TO usr_admin_psql;

--
-- Name: estudiantes_id_seq; Type: SEQUENCE; Schema: public; Owner: usr_admin_psql
--

ALTER TABLE public.estudiantes ALTER COLUMN id ADD GENERATED BY DEFAULT AS IDENTITY (
    SEQUENCE NAME public.estudiantes_id_seq
    START WITH 1
    INCREMENT BY 1
    NO MINVALUE
    NO MAXVALUE
    CACHE 1
);


--
-- Name: eventos; Type: TABLE; Schema: public; Owner: usr_admin_psql
--

CREATE TABLE public.eventos (
    id bigint NOT NULL,
    descripcion character varying(255) NOT NULL,
    estado_evento character varying(255) NOT NULL,
    fecha_evento timestamp(6) without time zone NOT NULL,
    titulo character varying(255) NOT NULL,
    programa_id bigint NOT NULL,
    CONSTRAINT eventos_estado_evento_check CHECK (((estado_evento)::text = ANY ((ARRAY['PENDIENTE'::character varying, 'EN_CURSO'::character varying, 'FINALIZADO'::character varying, 'CANCELADO'::character varying])::text[])))
);


ALTER TABLE public.eventos OWNER TO usr_admin_psql;

--
-- Name: eventos_id_seq; Type: SEQUENCE; Schema: public; Owner: usr_admin_psql
--

ALTER TABLE public.eventos ALTER COLUMN id ADD GENERATED BY DEFAULT AS IDENTITY (
    SEQUENCE NAME public.eventos_id_seq
    START WITH 1
    INCREMENT BY 1
    NO MINVALUE
    NO MAXVALUE
    CACHE 1
);


--
-- Name: password_reset_tokens; Type: TABLE; Schema: public; Owner: usr_admin_psql
--

CREATE TABLE public.password_reset_tokens (
    id bigint NOT NULL,
    email character varying(255),
    expiry_date timestamp(6) without time zone NOT NULL,
    token character varying(255) NOT NULL
);


ALTER TABLE public.password_reset_tokens OWNER TO usr_admin_psql;

--
-- Name: password_reset_tokens_id_seq; Type: SEQUENCE; Schema: public; Owner: usr_admin_psql
--

ALTER TABLE public.password_reset_tokens ALTER COLUMN id ADD GENERATED BY DEFAULT AS IDENTITY (
    SEQUENCE NAME public.password_reset_tokens_id_seq
    START WITH 1
    INCREMENT BY 1
    NO MINVALUE
    NO MAXVALUE
    CACHE 1
);


--
-- Name: programas; Type: TABLE; Schema: public; Owner: usr_admin_psql
--

CREATE TABLE public.programas (
    id bigint NOT NULL,
    descripcion_proyecto text,
    estado_avance character varying(255) NOT NULL,
    fecha_fin timestamp(6) without time zone,
    fecha_inicio timestamp(6) without time zone,
    finalizado boolean NOT NULL,
    titulo_proyecto character varying(255),
    total_horas integer NOT NULL,
    id_empresa bigint,
    id_estudiante bigint,
    id_tipo_programa bigint NOT NULL,
    CONSTRAINT programas_estado_avance_check CHECK (((estado_avance)::text = ANY ((ARRAY['PENDIENTE'::character varying, 'EN_PROGRESO'::character varying, 'COMPLETADO'::character varying, 'CANCELADO'::character varying])::text[])))
);


ALTER TABLE public.programas OWNER TO usr_admin_psql;

--
-- Name: programas_id_seq; Type: SEQUENCE; Schema: public; Owner: usr_admin_psql
--

ALTER TABLE public.programas ALTER COLUMN id ADD GENERATED BY DEFAULT AS IDENTITY (
    SEQUENCE NAME public.programas_id_seq
    START WITH 1
    INCREMENT BY 1
    NO MINVALUE
    NO MAXVALUE
    CACHE 1
);


--
-- Name: roles; Type: TABLE; Schema: public; Owner: usr_admin_psql
--

CREATE TABLE public.roles (
    user_id bigint NOT NULL,
    role character varying(255),
    CONSTRAINT roles_role_check CHECK (((role)::text = ANY ((ARRAY['STUDENT'::character varying, 'ADMIN'::character varying])::text[])))
);


ALTER TABLE public.roles OWNER TO usr_admin_psql;

--
-- Name: tipos_programas; Type: TABLE; Schema: public; Owner: usr_admin_psql
--

CREATE TABLE public.tipos_programas (
    id bigint NOT NULL,
    descripcion character varying(255),
    nombre character varying(255) NOT NULL
);


ALTER TABLE public.tipos_programas OWNER TO usr_admin_psql;

--
-- Name: tipos_programas_id_seq; Type: SEQUENCE; Schema: public; Owner: usr_admin_psql
--

ALTER TABLE public.tipos_programas ALTER COLUMN id ADD GENERATED BY DEFAULT AS IDENTITY (
    SEQUENCE NAME public.tipos_programas_id_seq
    START WITH 1
    INCREMENT BY 1
    NO MINVALUE
    NO MAXVALUE
    CACHE 1
);


--
-- Name: usuarios; Type: TABLE; Schema: public; Owner: usr_admin_psql
--

CREATE TABLE public.usuarios (
    id bigint NOT NULL,
    email character varying(255) NOT NULL,
    password character varying(255),
    username character varying(255)
);


ALTER TABLE public.usuarios OWNER TO usr_admin_psql;

--
-- Name: usuarios_id_seq; Type: SEQUENCE; Schema: public; Owner: usr_admin_psql
--

ALTER TABLE public.usuarios ALTER COLUMN id ADD GENERATED BY DEFAULT AS IDENTITY (
    SEQUENCE NAME public.usuarios_id_seq
    START WITH 1
    INCREMENT BY 1
    NO MINVALUE
    NO MAXVALUE
    CACHE 1
);


--
-- Data for Name: administradores; Type: TABLE DATA; Schema: public; Owner: usr_admin_psql
--

COPY public.administradores (id, apellido, correo_institucional, id_admin, nombre, sexo, telefono, id_usuario) FROM stdin;
1	Gonzalez Perez	b180022@unach.mx	ID-0623	jose colombio	MASCULINO	9625216439	1
\.


--
-- Data for Name: archivos; Type: TABLE DATA; Schema: public; Owner: usr_admin_psql
--

COPY public.archivos (id, nombre_archivo, ruta_archivo, id_programa) FROM stdin;
2	CartaPresentacion	uploads/CartaPresentacion	1
\.


--
-- Data for Name: blacklisted_token; Type: TABLE DATA; Schema: public; Owner: usr_admin_psql
--

COPY public.blacklisted_token (id, blacklisted_at, expires_at, token) FROM stdin;
\.


--
-- Data for Name: carreras; Type: TABLE DATA; Schema: public; Owner: usr_admin_psql
--

COPY public.carreras (id, nombre) FROM stdin;
1	Lic. en Ing. en Desarrollo y Tecnologias de Software
\.


--
-- Data for Name: empresas; Type: TABLE DATA; Schema: public; Owner: usr_admin_psql
--

COPY public.empresas (id, apellido_responsable, correo, direccion, nombre, nombre_responsable, puesto_responsable, sexo_responsable, telefono) FROM stdin;
1	Martinez Villarreal	anypleople@example.com	Av. norte #213 Calle Avasolo	coorperation X-men	Profesor Paradox	Gerente General	MASCULINO	9625216439
\.


--
-- Data for Name: estudiantes; Type: TABLE DATA; Schema: public; Owner: usr_admin_psql
--

COPY public.estudiantes (id, apellido, correo_institucional, grupo, matricula, nombre, semestre, sexo, telefono, id_carrera, id_usuario) FROM stdin;
1	GoPe	b180022@unach.mx	D	A12345	Jose_Colombio	7	MASCULINO	9625216439	1	2
3	Herrera	jaime@unach.mx	E	A123456	Jaime Cardenaz	7	MASCULINO	0225216400	1	\N
\.


--
-- Data for Name: eventos; Type: TABLE DATA; Schema: public; Owner: usr_admin_psql
--

COPY public.eventos (id, descripcion, estado_evento, fecha_evento, titulo, programa_id) FROM stdin;
1	Se dara a conocer los requerimientos y indicaciones importantes a cumplir para dar de alta su practicas proifesionales ene l a plataforna	PENDIENTE	2024-09-15 03:09:03.417	Platica de Requisitos de Programa Practicas profesionales 1	1
\.


--
-- Data for Name: password_reset_tokens; Type: TABLE DATA; Schema: public; Owner: usr_admin_psql
--

COPY public.password_reset_tokens (id, email, expiry_date, token) FROM stdin;
1	000316jose@gmail.com	2024-08-15 17:49:09.701446	2575bbe4-2b67-4b35-8b66-b7d237f4108d
2	000316jose@gmail.com	2024-08-16 02:07:03.659967	7208052a-e64c-4f2e-832f-fb1dbf662296
3	000316jose@gmail.com	2024-08-16 02:13:59.766097	eb80f03c-041b-449c-895e-f40bc97d258a
4	000316jose@gmail.com	2024-08-16 02:18:42.799184	621b7422-3880-4c28-8ea6-7a3e47c89b94
5	000316jose@gmail.com	2024-08-16 02:25:18.333075	d64d0ce0-a824-4477-9ebb-b992e4148a53
6	000316jose@gmail.com	2024-08-16 02:31:39.441535	8d979300-9ff2-4dfc-8a1a-99d2cb874531
7	b180022@unach.mx	2024-09-02 00:13:13.257767	9d7b6ff2-f25b-4e61-9fbc-5feb791d16ed
10	b180022@unach.mx	2024-09-03 00:22:17.251978	8554f0ce-676b-4b80-aeb3-924f83415846
\.


--
-- Data for Name: programas; Type: TABLE DATA; Schema: public; Owner: usr_admin_psql
--

COPY public.programas (id, descripcion_proyecto, estado_avance, fecha_fin, fecha_inicio, finalizado, titulo_proyecto, total_horas, id_empresa, id_estudiante, id_tipo_programa) FROM stdin;
1	Pagian web Publicitaria para atraer cleintes a la empresa MultiserviuciosNeumac	PENDIENTE	2024-10-10 03:09:03.417	2024-08-31 03:09:03.417	f	Creacion pagina web publicitaria	480	1	1	1
2	APK para la pagina web Coopel.com desarrollado para los cleiontes y empresa	PENDIENTE	2024-10-10 03:09:03.417	2024-09-05 03:09:03.417	f	Aplicacion Movil para pagina web coopel	480	1	1	2
3	Implemantacion PAgo }EN Linea la pagina web Cooelo.com desarrollado para los cleiontes y empresa	PENDIENTE	2024-10-10 03:09:03.417	2024-09-05 03:09:03.417	f	Implementacion de pagos en linea para pagina web coopel	480	\N	3	2
4	Implemantacion PAgo }EN Linea la pagina web Cooelo.com desarrollado para los cleiontes y empresa	PENDIENTE	2024-10-10 03:09:03.417	2024-09-05 03:09:03.417	f	Implementacion de pagos en linea para pagina web coopel	480	\N	3	4
5	Implemantacion PAgo }EN Linea la empresa Inbuirsa s.a deec.v desarrollado para los cleiontes y empresa	PENDIENTE	2024-10-10 03:09:03.417	2024-09-05 03:09:03.417	f	Implementacion de pagos en linea para Inbursa s.a de c.v	400	\N	3	2
\.


--
-- Data for Name: roles; Type: TABLE DATA; Schema: public; Owner: usr_admin_psql
--

COPY public.roles (user_id, role) FROM stdin;
1	ADMIN
2	STUDENT
\.


--
-- Data for Name: tipos_programas; Type: TABLE DATA; Schema: public; Owner: usr_admin_psql
--

COPY public.tipos_programas (id, descripcion, nombre) FROM stdin;
1	Practicas profesionales 1 esta disponible para estudiantes que se encuentren cursando el 5 semestre o superior	Practicas Profesionales 1
2	Practicas profesionales 2 esta disponible para estudiantes que se encuentren cursando el 6 semestre o superior y ademas hayan finalizado el programa Practicas Profesionales 1	Practicas Profesionales 2
4	Practicas profesionales 2 esta disponible para estudiantes que se encuentren cursando el 6 semestre o superior y ademas hayan finalizado el programa Practicas Profesionales 1	Residencia proferwssian
\.


--
-- Data for Name: usuarios; Type: TABLE DATA; Schema: public; Owner: usr_admin_psql
--

COPY public.usuarios (id, email, password, username) FROM stdin;
1	000316jose@gmail.com	$2a$10$yuS4X8khPi35cYSWqkLJ9e4pOqcTqsZbzmQ.GaqG1EQryT5IRgjI.	usr_pepe
2	b180022@unach.mx	$2a$10$qQGkq5mcLXoQQFS77HD7zOh08UeB4enwFd62EI4hUY5ZejoKyddmW	usr_jose
\.


--
-- Name: administradores_id_seq; Type: SEQUENCE SET; Schema: public; Owner: usr_admin_psql
--

SELECT pg_catalog.setval('public.administradores_id_seq', 1, true);


--
-- Name: archivos_id_seq; Type: SEQUENCE SET; Schema: public; Owner: usr_admin_psql
--

SELECT pg_catalog.setval('public.archivos_id_seq', 2, true);


--
-- Name: blacklisted_token_id_seq; Type: SEQUENCE SET; Schema: public; Owner: usr_admin_psql
--

SELECT pg_catalog.setval('public.blacklisted_token_id_seq', 1, false);


--
-- Name: carreras_id_seq; Type: SEQUENCE SET; Schema: public; Owner: usr_admin_psql
--

SELECT pg_catalog.setval('public.carreras_id_seq', 1, true);


--
-- Name: empresas_id_seq; Type: SEQUENCE SET; Schema: public; Owner: usr_admin_psql
--

SELECT pg_catalog.setval('public.empresas_id_seq', 3, true);


--
-- Name: estudiantes_id_seq; Type: SEQUENCE SET; Schema: public; Owner: usr_admin_psql
--

SELECT pg_catalog.setval('public.estudiantes_id_seq', 3, true);


--
-- Name: eventos_id_seq; Type: SEQUENCE SET; Schema: public; Owner: usr_admin_psql
--

SELECT pg_catalog.setval('public.eventos_id_seq', 1, true);


--
-- Name: password_reset_tokens_id_seq; Type: SEQUENCE SET; Schema: public; Owner: usr_admin_psql
--

SELECT pg_catalog.setval('public.password_reset_tokens_id_seq', 10, true);


--
-- Name: programas_id_seq; Type: SEQUENCE SET; Schema: public; Owner: usr_admin_psql
--

SELECT pg_catalog.setval('public.programas_id_seq', 5, true);


--
-- Name: tipos_programas_id_seq; Type: SEQUENCE SET; Schema: public; Owner: usr_admin_psql
--

SELECT pg_catalog.setval('public.tipos_programas_id_seq', 4, true);


--
-- Name: usuarios_id_seq; Type: SEQUENCE SET; Schema: public; Owner: usr_admin_psql
--

SELECT pg_catalog.setval('public.usuarios_id_seq', 2, true);


--
-- Name: administradores administradores_pkey; Type: CONSTRAINT; Schema: public; Owner: usr_admin_psql
--

ALTER TABLE ONLY public.administradores
    ADD CONSTRAINT administradores_pkey PRIMARY KEY (id);


--
-- Name: archivos archivos_pkey; Type: CONSTRAINT; Schema: public; Owner: usr_admin_psql
--

ALTER TABLE ONLY public.archivos
    ADD CONSTRAINT archivos_pkey PRIMARY KEY (id);


--
-- Name: blacklisted_token blacklisted_token_pkey; Type: CONSTRAINT; Schema: public; Owner: usr_admin_psql
--

ALTER TABLE ONLY public.blacklisted_token
    ADD CONSTRAINT blacklisted_token_pkey PRIMARY KEY (id);


--
-- Name: carreras carreras_pkey; Type: CONSTRAINT; Schema: public; Owner: usr_admin_psql
--

ALTER TABLE ONLY public.carreras
    ADD CONSTRAINT carreras_pkey PRIMARY KEY (id);


--
-- Name: empresas empresas_pkey; Type: CONSTRAINT; Schema: public; Owner: usr_admin_psql
--

ALTER TABLE ONLY public.empresas
    ADD CONSTRAINT empresas_pkey PRIMARY KEY (id);


--
-- Name: estudiantes estudiantes_pkey; Type: CONSTRAINT; Schema: public; Owner: usr_admin_psql
--

ALTER TABLE ONLY public.estudiantes
    ADD CONSTRAINT estudiantes_pkey PRIMARY KEY (id);


--
-- Name: eventos eventos_pkey; Type: CONSTRAINT; Schema: public; Owner: usr_admin_psql
--

ALTER TABLE ONLY public.eventos
    ADD CONSTRAINT eventos_pkey PRIMARY KEY (id);


--
-- Name: password_reset_tokens password_reset_tokens_pkey; Type: CONSTRAINT; Schema: public; Owner: usr_admin_psql
--

ALTER TABLE ONLY public.password_reset_tokens
    ADD CONSTRAINT password_reset_tokens_pkey PRIMARY KEY (id);


--
-- Name: programas programas_pkey; Type: CONSTRAINT; Schema: public; Owner: usr_admin_psql
--

ALTER TABLE ONLY public.programas
    ADD CONSTRAINT programas_pkey PRIMARY KEY (id);


--
-- Name: tipos_programas tipos_programas_pkey; Type: CONSTRAINT; Schema: public; Owner: usr_admin_psql
--

ALTER TABLE ONLY public.tipos_programas
    ADD CONSTRAINT tipos_programas_pkey PRIMARY KEY (id);


--
-- Name: estudiantes uk36jwykef178ktmiawwpyrnasb; Type: CONSTRAINT; Schema: public; Owner: usr_admin_psql
--

ALTER TABLE ONLY public.estudiantes
    ADD CONSTRAINT uk36jwykef178ktmiawwpyrnasb UNIQUE (correo_institucional);


--
-- Name: estudiantes uk3turfecemmdvmsug07nhdj0ol; Type: CONSTRAINT; Schema: public; Owner: usr_admin_psql
--

ALTER TABLE ONLY public.estudiantes
    ADD CONSTRAINT uk3turfecemmdvmsug07nhdj0ol UNIQUE (matricula);


--
-- Name: estudiantes uk6r9kwxb9d6mr2j3r3ty9amrs9; Type: CONSTRAINT; Schema: public; Owner: usr_admin_psql
--

ALTER TABLE ONLY public.estudiantes
    ADD CONSTRAINT uk6r9kwxb9d6mr2j3r3ty9amrs9 UNIQUE (id_usuario);


--
-- Name: administradores uk6vfafrqkdukn9nv4v0gp2mjb3; Type: CONSTRAINT; Schema: public; Owner: usr_admin_psql
--

ALTER TABLE ONLY public.administradores
    ADD CONSTRAINT uk6vfafrqkdukn9nv4v0gp2mjb3 UNIQUE (id_admin);


--
-- Name: password_reset_tokens uk71lqwbwtklmljk3qlsugr1mig; Type: CONSTRAINT; Schema: public; Owner: usr_admin_psql
--

ALTER TABLE ONLY public.password_reset_tokens
    ADD CONSTRAINT uk71lqwbwtklmljk3qlsugr1mig UNIQUE (token);


--
-- Name: administradores ukbg800fett2q9ptr87prvn7rmj; Type: CONSTRAINT; Schema: public; Owner: usr_admin_psql
--

ALTER TABLE ONLY public.administradores
    ADD CONSTRAINT ukbg800fett2q9ptr87prvn7rmj UNIQUE (correo_institucional);


--
-- Name: administradores ukili2w8lisc96c9d1mxjqfr3hy; Type: CONSTRAINT; Schema: public; Owner: usr_admin_psql
--

ALTER TABLE ONLY public.administradores
    ADD CONSTRAINT ukili2w8lisc96c9d1mxjqfr3hy UNIQUE (id_usuario);


--
-- Name: usuarios ukkfsp0s1tflm1cwlj8idhqsad0; Type: CONSTRAINT; Schema: public; Owner: usr_admin_psql
--

ALTER TABLE ONLY public.usuarios
    ADD CONSTRAINT ukkfsp0s1tflm1cwlj8idhqsad0 UNIQUE (email);


--
-- Name: usuarios usuarios_pkey; Type: CONSTRAINT; Schema: public; Owner: usr_admin_psql
--

ALTER TABLE ONLY public.usuarios
    ADD CONSTRAINT usuarios_pkey PRIMARY KEY (id);


--
-- Name: administradores fk28dj1ai3f8gnqhjuns8dnamrp; Type: FK CONSTRAINT; Schema: public; Owner: usr_admin_psql
--

ALTER TABLE ONLY public.administradores
    ADD CONSTRAINT fk28dj1ai3f8gnqhjuns8dnamrp FOREIGN KEY (id_usuario) REFERENCES public.usuarios(id);


--
-- Name: programas fk819tbgk1hvuk8efvuhkc79ndd; Type: FK CONSTRAINT; Schema: public; Owner: usr_admin_psql
--

ALTER TABLE ONLY public.programas
    ADD CONSTRAINT fk819tbgk1hvuk8efvuhkc79ndd FOREIGN KEY (id_tipo_programa) REFERENCES public.tipos_programas(id);


--
-- Name: programas fk8dij4jqjm9pu0udj8qxr3jxs7; Type: FK CONSTRAINT; Schema: public; Owner: usr_admin_psql
--

ALTER TABLE ONLY public.programas
    ADD CONSTRAINT fk8dij4jqjm9pu0udj8qxr3jxs7 FOREIGN KEY (id_empresa) REFERENCES public.empresas(id);


--
-- Name: estudiantes fkaiehyv3poghvcl0erh0vrw76q; Type: FK CONSTRAINT; Schema: public; Owner: usr_admin_psql
--

ALTER TABLE ONLY public.estudiantes
    ADD CONSTRAINT fkaiehyv3poghvcl0erh0vrw76q FOREIGN KEY (id_usuario) REFERENCES public.usuarios(id);


--
-- Name: estudiantes fkauve136ts8f37hfajfh2giq3l; Type: FK CONSTRAINT; Schema: public; Owner: usr_admin_psql
--

ALTER TABLE ONLY public.estudiantes
    ADD CONSTRAINT fkauve136ts8f37hfajfh2giq3l FOREIGN KEY (id_carrera) REFERENCES public.carreras(id);


--
-- Name: archivos fkc0sw2bygpjuraiklsx8jnmfc3; Type: FK CONSTRAINT; Schema: public; Owner: usr_admin_psql
--

ALTER TABLE ONLY public.archivos
    ADD CONSTRAINT fkc0sw2bygpjuraiklsx8jnmfc3 FOREIGN KEY (id_programa) REFERENCES public.programas(id);


--
-- Name: eventos fkfactowx7wamnl14esvrw9xspn; Type: FK CONSTRAINT; Schema: public; Owner: usr_admin_psql
--

ALTER TABLE ONLY public.eventos
    ADD CONSTRAINT fkfactowx7wamnl14esvrw9xspn FOREIGN KEY (programa_id) REFERENCES public.tipos_programas(id);


--
-- Name: roles fkhsy1xvfflpwabwan59vlk9noc; Type: FK CONSTRAINT; Schema: public; Owner: usr_admin_psql
--

ALTER TABLE ONLY public.roles
    ADD CONSTRAINT fkhsy1xvfflpwabwan59vlk9noc FOREIGN KEY (user_id) REFERENCES public.usuarios(id);


--
-- Name: programas fksjfuukifjf5dbr2icov4ii8v4; Type: FK CONSTRAINT; Schema: public; Owner: usr_admin_psql
--

ALTER TABLE ONLY public.programas
    ADD CONSTRAINT fksjfuukifjf5dbr2icov4ii8v4 FOREIGN KEY (id_estudiante) REFERENCES public.estudiantes(id);


--
-- PostgreSQL database dump complete
--

